text,label
R1,电阻
220Ω,电阻
R2 470Ω,电阻
R3,电阻
1kΩ,电阻
R4 10kΩ,电阻
R5,电阻
330Ω,电阻
R6 2.2kΩ,电阻
R7,电阻
560Ω,电阻
R8 100Ω,电阻
R9,电阻
100kΩ,电阻
R10 3.3kΩ,电阻
R11,电阻
4.7kΩ,电阻
R12 680Ω,电阻
R13,电阻
2.7kΩ,电阻
R14 15kΩ,电阻
R15,电阻
1MΩ,电阻
R16 22kΩ,电阻
R17,电阻
390Ω,电阻
R18 47kΩ,电阻
R19,电阻
68kΩ,电阻
R20 120Ω,电阻
R21,电阻
820Ω,电阻
R22 18kΩ,电阻
R23,电阻
27kΩ,电阻
R24 56kΩ,电阻
R25,电阻
1.5kΩ,电阻
R26 82kΩ,电阻
R27,电阻
3.9kΩ,电阻
R28 1.2kΩ,电阻
R29,电阻
47Ω,电阻
R30 5.6kΩ,电阻
R31,电阻
180Ω,电阻
R32 10Ω,电阻
R33,电阻
33kΩ,电阻
R34 6.8kΩ,电阻
R35,电阻
910Ω,电阻
R36 220kΩ,电阻
R37,电阻
470kΩ,电阻
R38 1M5Ω,电阻
R39,电阻
2.2MΩ,电阻
R40 3.3MΩ,电阻
R41,电阻
5.6MΩ,电阻
R42 10MΩ,电阻
R43,电阻
150Ω,电阻
R44 270Ω,电阻
R45,电阻
39kΩ,电阻
R46 8.2kΩ,电阻
R47,电阻
12kΩ,电阻
R48 16kΩ,电阻
R49,电阻
20kΩ,电阻
R50 30kΩ,电阻
R51,电阻
43kΩ,电阻
R52 51kΩ,电阻
R53,电阻
75kΩ,电阻
R54 91kΩ,电阻
R55,电阻
110Ω,电阻
R56 130Ω,电阻
R57,电阻
160Ω,电阻
R58 190Ω,电阻
R59,电阻
240Ω,电阻
R60 280Ω,电阻
R61,电阻
360Ω,电阻
R62 430Ω,电阻
C1,电容
10μF,电容
C2 22μF,电容
C3,电容
47μF,电容
C4 1μF,电容
C5,电容
100nF,电容
C6 220nF,电容
C7,电容
470nF,电容
C8 10nF,电容
C9,电容
22nF,电容
C10 47nF,电容
C11,电容
1nF,电容
C12 56nF,电容
C13,电容
68nF,电容
C14 82nF,电容
C15,电容
150nF,电容
C16 330nF,电容
C17,电容
560nF,电容
C18 680nF,电容
C19,电容
820nF,电容
C20 1μ5F,电容
C21,电容
2μ2F,电容
C22 3μ3F,电容
C23,电容
4μ7F,电容
C24 6μ8F,电容
C25,电容
8μ2F,电容
C26 10pF,电容
C27,电容
22pF,电容
C28 47pF,电容
C29,电容
100pF,电容
C30 220pF,电容
C31,电容
470pF,电容
C32 1n2F,电容
C33,电容
1n5F,电容
C34 2n2F,电容
C35,电容
3n3F,电容
C36 4n7F,电容
C37,电容
6n8F,电容
C38 8n2F,电容
C39,电容
12nF,电容
C40 15nF,电容
C41,电容
18nF,电容
C42 27nF,电容
C43,电容
33nF,电容
C44 39nF,电容
C45,电容
51nF,电容
C46 62nF,电容
C47,电容
75nF,电容
C48 87nF,电容
C49,电容
91nF,电容
C50 120nF,电容
C51,电容
180nF,电容
C52 270nF,电容
C53,电容
33nF,电容
C54 390nF,电容
C55,电容
510nF,电容
C56 620nF,电容
C57,电容
750nF,电容
C58 870nF,电容
C59,电容
910nF,电容
C60 1.2μF,电容
C61,电容
1.5μF,电容
C62 1.8μF,电容
C63,电容
2.7μF,电容
L1,电感
10mH,电感
L2 22mH,电感
L3,电感
47mH,电感
L4 1mH,电感
L5,电感
100μH,电感
L6 220μH,电感
L7,电感
470μH,电感
L8 10μH,电感
L9,电感
22μH,电感
L10 47μH,电感
L11,电感
56μH,电感
L12 68μH,电感
L13,电感
82μH,电感
L14 150μH,电感
L15 330μH,电感
L16,电感
560μH,电感
L17,电感
680μH,电感
L18,电感
820μH,电感
L19,电感
1.5mH,电感
L20,电感
2.2mH,电感
L21,电感
3.3mH,电感
L22,电感
4.7mH,电感
L23,电感
6.8mH,电感
L24,电感
8.2mH,电感
L25,电感
12mH,电感
L26,电感
15mH,电感
L27,电感
18mH,电感
L28,电感
27mH,电感
L29,电感
33mH,电感
L30,电感
39mH,电感
L31,电感
51mH,电感
L32,电感
62mH,电感
L33,电感
75mH,电感
L34,电感
87mH,电感
L35,电感
91mH,电感
L36,电感
120mH,电感
L37,电感
150mH,电感
L38,电感
180mH,电感
L39,电感
270mH,电感
L40,电感
330mH,电感
L41,电感
390mH,电感
L42,电感
510mH,电感
L43,电感
620mH,电感
L44,电感
750mH,电感
L45,电感
870mH,电感
L46,电感
910mH,电感
L47,电感
1.2mH,电感
L48,电感
1.5mH,电感
L49,电感
1.8mH,电感
L50,电感
2.7mH,电感
L51,电感
3.9mH,电感
L52,电感
5.6mH,电感
L53,电感
7.5mH,电感
L54,电感
9.1mH,电感
L55,电感
11mH,电感
L56,电感
13mH,电感
L57,电感
16mH,电感
L58,电感
19mH,电感
L59,电感
24mH,电感
L60,电感
28mH,电感
L61,电感
36mH,电感
L62,电感
43mH,电感
U1,芯片
STM32F103,芯片
U2 STM32F407,芯片
U3,芯片
ATmega328P,芯片
U4 ESP8266,芯片
U5,芯片
ESP32,芯片
U6 Arduino Uno,芯片
U7,芯片
PIC16F877A,芯片
U8 51单片机,芯片
U9,芯片
STM32F030,芯片
U10 STM32L476,芯片
U11,芯片
NRF52832,芯片
U12 CC2530,芯片
U13,芯片
STM32F767,芯片
U14 STM32H743,芯片
U15,芯片
ATtiny85,芯片
U16 MSP430F149,芯片
U17,芯片
LPC1768,芯片
U18 Raspberry Pi Pico,芯片
U19,芯片
STM32F303,芯片
U20 STM32G071,芯片
U21,芯片
ESP32-C3,芯片
U22 ESP32-S3,芯片
U23,芯片
ATmega2560,芯片
U24 PIC24FJ64GA002,芯片
U25,芯片
STM32F107,芯片
U26 STM32F429,芯片
U27,芯片
STM32F469,芯片
U28 STM32F746,芯片
U29,芯片
STM32H753,芯片
U30 STM32L071,芯片
U31,芯片
STM32L100,芯片
U32 STM32WB55,芯片
U33,芯片
CC2652R,芯片
U34 NRF52840,芯片
U35,芯片
MSP430FR5994,芯片
U36 LPC1114,芯片
U37,芯片
PIC18F4550,芯片
U38 ATmega128,芯片
U39,芯片
STM32F072,芯片
U40 STM32F105,芯片
U41,芯片
STM32F207,芯片
U42 STM32F373,芯片
U43,芯片
STM32F411,芯片
U44 STM32F412,芯片
U45,芯片
STM32F413,芯片
U46 STM32F427,芯片
U47,芯片
STM32F439,芯片
U48 STM32F446,芯片
U49,芯片
STM32F756,芯片
U50 STM32F769,芯片
U51,芯片
STM32H747,芯片
U52 STM32H750,芯片
U53,芯片
STM32L051,芯片
U54 STM32L151,芯片
U55,芯片
STM32WB57,芯片
U56 CC1352P,芯片
U57,芯片
NRF9160,芯片
U58 MSP430F5529,芯片
U59,芯片
LPC1850,芯片
U60 PIC32MX795F512L,芯片
U61,芯片
ATmega8,芯片
U62 STM32F042,芯片
U63,芯片
ESP32-WROOM-32,芯片
M1,电机
5V,电机
M2 12V 0.5A,电机
M3,电机
24V,电机
M4 6V 0.3A,电机
M5,电机
12V 1A,电机
M6 24V 0.8A,电机
M7,电机
5V 0.2A,电机
M8 9V 0.4A,电机
M9,电机
15V 0.6A,电机
M10 18V 0.7A,电机
M11,电机
3V 0.1A,电机
M12 7.2V 0.35A,电机
M13,电机
10V 0.45A,电机
M14 16V 0.55A,电机
M15,电机
20V 0.65A,电机
M16 28V 0.9A,电机
M17,电机
36V 1.2A,电机
M18 48V 1.5A,电机
M19,电机
0.5A,电机
M20 0.8A,电机
M21,电机
1.2A,电机
M22 1.5A,电机
M23,电机
0.25A,电机
M24 0.3A,电机
M25,电机
0.4A,电机
M26 0.6A,电机
M27,电机
0.7A,电机
M28 0.9A,电机
M29,电机
1A,电机
M30 1.1A,电机
M31,电机
1.3A,电机
M32 1.4A,电机
M33,电机
1.6A,电机
M34 1.7A,电机
M35,电机
1.8A,电机
M36 1.9A,电机
M37,电机
2A,电机
M38 3V,电机
M39,电机
4.5V,电机
M40 6V,电机
M41,电机
7.5V,电机
M42 8V,电机
M43,电机
9V,电机
M44 11V,电机
M45,电机
13V,电机
M46 14V,电机
M47,电机
17V,电机
M48 19V,电机
M49,电机
21V,电机
M50 22V,电机
M51,电机
23V,电机
M52 25V,电机
M53,电机
26V,电机
M54,电机
27V,电机
M55,电机
29V,电机
M56,电机
30V,电机
M57,电机
32V,电机
M58,电机
34V,电机
M59,电机
38V,电机
M60,电机
40V,电机
M61,电机
42V,电机
M62,电机
45V,电机
M63,电机
47V,电机
D1,二极管
1A 400V,二极管
D2 0.5A 200V,二极管
D3,二极管
2A 600V,二极管
D4 3A 800V,二极管
D5,二极管
0.3A 100V,二极管
D6 1A 600V,二极管
D7,二极管
2A 400V,二极管
D8 3A 600V,二极管
D9,二极管
0.5A 400V,二极管
D10 1A 800V,二极管
D11,二极管
2A 200V,二极管
D12 3A 400V,二极管
D13,二极管
0.3A 200V,二极管
D14 0.5A 600V,二极管
D15,二极管
1A 200V,二极管
D16 2A 800V,二极管
D17,二极管
3A 200V,二极管
D18,二极管
0.3A 300V,二极管
D19,二极管
0.5A 800V,二极管
D20,二极管
1A 300V,二极管
D21,二极管
2A 300V,二极管
D22,二极管
3A 300V,二极管
D23,二极管
0.3A 400V,二极管
D24,二极管
0.5A 100V,二极管
D25,二极管
1A 400V,二极管
D26,二极管
2A 500V,二极管
D27,二极管
3A 500V,二极管
D28,二极管
0.3A 500V,二极管
D29,二极管
0.5A 300V,二极管
D30,二极管
1A 500V,二极管
D31,二极管
2A 600V,二极管
D32,二极管
3A 700V,二极管
D33,二极管
0.3A 600V,二极管
D34,二极管
0.5A 400V,二极管
D35,二极管
1A 600V,二极管
D36,二极管
2A 700V,二极管
D37,二极管
3A 800V,二极管
D38,二极管
0.3A 700V,二极管
D39,二极管
0.5A 500V,二极管
D40,二极管
1A 700V,二极管
D41,二极管
2A 800V,二极管
D42,二极管
3A 900V,二极管
D43,二极管
0.3A 800V,二极管
D44,二极管
0.5A 600V,二极管
D45,二极管
1A 800V,二极管
D46,二极管
2A 900V,二极管
D47,二极管
3A 1000V,二极管
D48,二极管
0.3A 900V,二极管
D49,二极管
0.5A 700V,二极管
D50,二极管
1A 900V,二极管
D51,二极管
2A 1000V,二极管
D52,二极管
3A 1100V,二极管
D53,二极管
0.3A 1000V,二极管
D54,二极管
0.5A 800V,二极管
D55,二极管
1A 1000V,二极管
D56,二极管
2A 1100V,二极管
D57,二极管
3A 1200V,二极管
D58,二极管
0.3A 1100V,二极管
D59,二极管
0.5A 900V,二极管
D60,二极管
1A 1100V,二极管
D61,二极管
2A 1200V,二极管
D62,二极管
3A 1300V,二极管
D63,二极管
0.3A 1200V,二极管
GND1,接地
AGND,接地
GND2 DGND,接地
GND3,接地
PGND,接地
GND4 SGND,接地
GND5,接地
GND,接地
GND6 AGND,接地
GND7,接地
DGND,接地
GND8 PGND,接地
GND9,接地
SGND,接地
GND10 AGND,接地
GND11,接地
GND,接地
GND12 DGND,接地
GND13,接地
PGND,接地
GND14 SGND,接地
GND15,接地
AGND,接地
GND16 DGND,接地
GND17,接地
PGND,接地
GND18 SGND,接地
GND19,接地
GND,接地
GND20 AGND,接地
GND21,接地
DGND,接地
GND22 PGND,接地
GND23,接地
SGND,接地
GND24 AGND,接地
GND25,接地
DGND,接地
GND26 PGND,接地
GND27,接地
SGND,接地
GND28 AGND,接地
GND29,接地
GND,接地
GND30 DGND,接地
GND31,接地
PGND,接地
GND32 SGND,接地
GND33,接地
AGND,接地
GND34 DGND,接地
GND35,接地
PGND,接地
GND36 SGND,接地
GND37,接地
GND,接地
GND38 AGND,接地
GND39,接地
DGND,接地
GND40 PGND,接地
GND41,接地
SGND,接地
GND42 AGND,接地
GND43,接地
DGND,接地
GND44 PGND,接地
GND45,接地
SGND,接地
GND46 AGND,接地
GND47,接地
GND,接地
GND48 DGND,接地
GND49,接地
PGND,接地
GND50 SGND,接地
GND51,接地
AGND,接地
GND52 DGND,接地
GND53,接地
PGND,接地
GND54 SGND,接地
GND55,接地
GND,接地
GND56 AGND,接地
GND57,接地
DGND,接地
GND58 PGND,接地
GND59,接地
SGND,接地
GND60 AGND,接地
GND61,接地
DGND,接地
GND62 PGND,接地
GND63,接地
SGND,接地
RV1,压敏电阻
10V,压敏电阻
RV2 22V,压敏电阻
RV3,压敏电阻
33V,压敏电阻
RV4 47V,压敏电阻
RV5,压敏电阻
68V,压敏电阻
RV6 82V,压敏电阻
RV7,压敏电阻
100V,压敏电阻
RV8 120V,压敏电阻
RV9,压敏电阻
150V,压敏电阻
RV10 180V,压敏电阻
RV11,压敏电阻
220V,压敏电阻
RV12 270V,压敏电阻
RV13,压敏电阻
330V,压敏电阻
RV14 390V,压敏电阻
RV15,压敏电阻
470V,压敏电阻
RV16 560V,压敏电阻
RV17,压敏电阻
680V,压敏电阻
RV18 820V,压敏电阻
RV19,压敏电阻
1000V,压敏电阻
RV20 1200V,压敏电阻
RV21,压敏电阻
15V,压敏电阻
RV22 27V,压敏电阻
RV23,压敏电阻
39V,压敏电阻
RV24 51V,压敏电阻
RV25,压敏电阻
75V,压敏电阻
RV26 91V,压敏电阻
RV27,压敏电阻
110V,压敏电阻
RV28 130V,压敏电阻
RV29,压敏电阻
160V,压敏电阻
RV30 190V,压敏电阻
RV31,压敏电阻
240V,压敏电阻
RV32 280V,压敏电阻
RV33,压敏电阻
360V,压敏电阻
RV34 430V,压敏电阻
RV35,压敏电阻
510V,压敏电阻
RV36 620V,压敏电阻
RV37,压敏电阻
750V,压敏电阻
RV38 870V,压敏电阻
RV39,压敏电阻
910V,压敏电阻
RV40 1100V,压敏电阻
RV41,压敏电阻
1300V,压敏电阻
RV42 1500V,压敏电阻
RV43,压敏电阻
18V,压敏电阻
RV44 24V,压敏电阻
RV45,压敏电阻
36V,压敏电阻
RV46 43V,压敏电阻
RV47,压敏电阻
56V,压敏电阻
RV48 62V,压敏电阻
RV49,压敏电阻
78V,压敏电阻
RV50 87V,压敏电阻
RV51,压敏电阻
95V,压敏电阻
RV52 105V,压敏电阻
RV53,压敏电阻
125V,压敏电阻
RV54 140V,压敏电阻
RV55,压敏电阻
170V,压敏电阻
RV56 200V,压敏电阻
RV57,压敏电阻
230V,压敏电阻
RV58 260V,压敏电阻
RV59,压敏电阻
300V,压敏电阻
RV60 330V,压敏电阻
RV61,压敏电阻
360V,压敏电阻
RV62 400V,压敏电阻
RV63,压敏电阻
450V,压敏电阻
R1,电阻
220Ω,电阻
R2 470Ω,电阻
R3-1kΩ,电阻
R4_10kΩ,电阻
R5/330Ω,电阻
1.2MΩ,电阻
2k2Ω,电阻
4k7Ω,电阻
10M5Ω,电阻
R10(2.2kΩ),电阻
C1,电容
10μF,电容
C2 22μF,电容
C3-47nF,电容
C4_100pF,电容
C5/1μ5F,电容
2μ2F,电容
4n7F,电容
10pF/16V,电容
C10(68nF),电容
L1,电感
10mH,电感
L2 22mH,电感
L3-47μH,电感
L4_1mH,电感
L5/150μH,电感
2.7mH,电感
6.8μH,电感
10mH/1A,电感
L10(330μH),电感
U1,芯片
STM32F103,芯片
U2 STM32F407,芯片
U3-ATmega328P,芯片
U4_ESP8266,芯片
U5/ESP32,芯片
STM32F030(5V),芯片
ESP32-C3,芯片
Arduino Uno R3,芯片
U10(PIC16F877A),芯片
M1,电机
5V,电机
M2 12V 0.5A,电机
M3-24V,电机
M4_6V 0.3A,电机
M5/12V 1A,电机
3V/0.1A,电机
9V 0.4A,电机
28V 0.9A,电机
M10(48V 1.5A),电机
D1,二极管
1A 400V,二极管
D2 0.5A 200V,二极管
D3-2A 600V,二极管
D4_3A 800V,二极管
D5/0.3A 100V,二极管
1A 600V/DO-41,二极管
2A 400V/SMA,二极管
3A 800V/TO-220,二极管
D10(0.5A 400V),二极管
GND1,接地
AGND,接地
GND2 DGND,接地
GND3-PGND,接地
GND4_SGND,接地
GND/电源地,接地
DGND(数字地),接地
PGND(功率地),接地
SGND(信号地),接地
GND10(AGND),接地
RV1,压敏电阻
10V,压敏电阻
RV2 22V,压敏电阻
RV3-33V,压敏电阻
RV4_47V,压敏电阻
RV5/68V,压敏电阻
100V/10kA,压敏电阻
220V/5kA,压敏电阻
330V/2kA,压敏电阻
RV10(470V),压敏电阻
SCL,芯片
SCLK,芯片
SPI_CS_B,芯片
WAKE_UP,芯片
ADDR,芯片
DVI,芯片
SDA,芯片
I2C_SDA,芯片
I2C_SCL,芯片
SPI_MOSI,芯片
SPI_MISO,芯片
SPI_CLK,芯片
UART_TX,芯片
UART_RX,芯片
CAN_H,芯片
CAN_L,芯片
USB_D+,芯片
USB_D-,芯片
HDMI_TX,芯片
HDMI_RX,芯片
ETH_TX,芯片
ETH_RX,芯片
GPIO1,芯片
GPIO2,芯片
INT,芯片
RESET,芯片
VCC,芯片
GND_PIN,芯片
NC,芯片
ADC1,芯片
ADC2,芯片
DAC1,芯片
DAC2,芯片
PWM1,芯片
PWM2,芯片
I2S_CLK,芯片
I2S_DATA,芯片
I2S_LRCK,芯片
SD_CLK,芯片
SD_CMD,芯片
SD_DATA0,芯片
SD_DATA1,芯片
SD_DATA2,芯片
SD_DATA3,芯片
QSPI_CLK,芯片
QSPI_CS,芯片
QSPI_IO0,芯片
QSPI_IO1,芯片
QSPI_IO2,芯片
QSPI_IO3,芯片
JTAG_TCK,芯片
JTAG_TMS,芯片
JTAG_TDI,芯片
JTAG_TDO,芯片
JTAG_TRST,芯片
SWD_CLK,芯片
SWD_IO,芯片
RTC_CLK,芯片
RTC_DATA,芯片
TEMP_SENSOR,芯片
LED_CTRL,芯片
BUTTON_INPUT,芯片
RELAY_CTRL,芯片
MOTOR_PWM,芯片
BUZZER_CTRL,芯片
LCD_CS,芯片
LCD_DC,芯片
LCD_RST,芯片
LCD_SDA,芯片
LCD_SCL,芯片
CAM_CS,芯片
CAM_SDA,芯片
CAM_SCL,芯片
SENSOR_SDA,芯片
SENSOR_SCL,芯片
WIFI_TX,芯片
WIFI_RX,芯片
BT_TX,芯片
BT_RX,芯片
GPS_TX,芯片
GPS_RX,芯片
LORA_TX,芯片
LORA_RX,芯片
R1+C1,电阻
C2+L1,电容
U1+D1,芯片
M1+RV1,电机
D2+GND,二极管
R3-L2,电阻
C4-U2,电容
L3-D3,电感
U3-RV2,芯片
M2-GND2,电机
R5/C3,电阻
C6/L4,电容
U4/D4,芯片
M3/RV3,电机
D5/GND3,二极管
R1(100Ω)+C1(10μF),电阻
C2(22μF)+L1(10mH),电容
U1(STM32F103)+D1(1A 400V),芯片
M1(12V)+RV1(22V),电机
D2(0.5A 200V)+GND,二极管
R1#100Ω,电阻
C1$10μF,电容
L1%10mH,电感
U1&STM32F103,芯片
M1*12V,电机
D1@0.5A 200V,二极管
GND#电源地,接地
RV1$22V,压敏电阻
R1_100Ω-1%,电阻
C1_10μF-10%,电容
L1_10mH-5%,电感
U1_STM32F103-QFP48,芯片
M1_12V-0.5A,电机
D1_0.5A 200V-DO-41,二极管
GND_电源地-PCB,接地
RV1_22V-10kA,压敏电阻
# 一、电源类引脚（80条）
VCC_3.3V,芯片
VDD_5V,芯片
VSS_GND,芯片
VCORE_1.8V,芯片
VBAT_BACKUP,芯片
VREF_2.5V,芯片
VDDIO_3.3V,芯片
VCCA_ANALOG,芯片
VDDD_DIGITAL,芯片
VSSA_ANALOG_GND,芯片
VSSD_DIGITAL_GND,芯片
VIN_INPUT_9V,芯片
VOUT_3.3V,芯片
VDDQ_MEMORY,芯片
VPP_PROGRAM,芯片
VDD_REG,芯片
VCC_USB,芯片
VDD_LDO,芯片
VSS_LDO_GND,芯片
VREFP_POSITIVE,芯片
VREFN_NEGATIVE,芯片
VBUS_USB,芯片
VDD_1.2V,芯片
VCC_2.5V,芯片
VSSA_PLL_GND,芯片
VDD_PLL,芯片
VCC_AUX,芯片
VDD_AUX,芯片
VSS_AUX_GND,芯片
VIN_BATTERY,芯片
VOUT_SWITCH,芯片
VDD_SRAM,芯片
VSS_SRAM_GND,芯片
VCC_PERIPH,芯片
VDD_PERIPH,芯片
VSS_PERIPH_GND,芯片
VREF_IN,芯片
VREF_OUT,芯片
VDD_ANA,芯片
VSS_ANA_GND,芯片
VCC_1.0V,芯片
VDD_4.2V,芯片
VSS_BAT_GND,芯片
VCC_LED,芯片
VDD_LED,芯片
VSS_LED_GND,芯片
VCC_SENSOR,芯片
VDD_SENSOR,芯片
VSS_SENSOR_GND,芯片
VCC_ETH,芯片
VDD_ETH,芯片
VSS_ETH_GND,芯片
VCC_WIFI,芯片
VDD_WIFI,芯片
VSS_WIFI_GND,芯片
VCC_BT,芯片
VDD_BT,芯片
VSS_BT_GND,芯片
VCC_GPS,芯片
VDD_GPS,芯片
VSS_GPS_GND,芯片
VCC_LORA,芯片
VDD_LORA,芯片
VSS_LORA_GND,芯片
VCC_CAM,芯片
VDD_CAM,芯片
VSS_CAM_GND,芯片
VCC_LCD,芯片
VDD_LCD,芯片
VSS_LCD_GND,芯片
VCC_SD,芯片
VDD_SD,芯片
VSS_SD_GND,芯片
VCC_USB_HOST,芯片
VDD_USB_HOST,芯片
VSS_USB_HOST_GND,芯片
VCC_USB_DEVICE,芯片
VDD_USB_DEVICE,芯片
VSS_USB_DEVICE_GND,芯片
# 二、通信接口引脚（150条）
I2C_SCL_MASTER,芯片
I2C_SDA_MASTER,芯片
I2C_SCL_SLAVE,芯片
I2C_SDA_SLAVE,芯片
I2C_A0_ADDRESS,芯片
I2C_A1_ADDRESS,芯片
I2C_A2_ADDRESS,芯片
SPI_SCLK_MASTER,芯片
SPI_MOSI_MASTER,芯片
SPI_MISO_MASTER,芯片
SPI_CS0_B,芯片
SPI_CS1_B,芯片
SPI_CS2_B,芯片
SPI_HOLDB,芯片
SPI_WPB,芯片
SPI_SCK_SLAVE,芯片
SPI_SI_SLAVE,芯片
SPI_SO_SLAVE,芯片
SPI_CSB_SLAVE,芯片
UART_TX_1,芯片
UART_RX_1,芯片
UART_CTS_1,芯片
UART_RTS_1,芯片
UART_TX_2,芯片
UART_RX_2,芯片
UART_CTS_2,芯片
UART_RTS_2,芯片
UART_TX_3,芯片
UART_RX_3,芯片
UART_CTS_3,芯片
UART_RTS_3,芯片
USART_TX,芯片
USART_RX,芯片
USART_CLK,芯片
USART_CS,芯片
CAN_H_1,芯片
CAN_L_1,芯片
CAN_H_2,芯片
CAN_L_2,芯片
CAN_STB,芯片
CAN_ERR,芯片
USB_DP,芯片
USB_DM,芯片
USB_ID,芯片
USB_SUSPEND,芯片
HDMI_TX_CLK,芯片
HDMI_TX_DATA0,芯片
HDMI_TX_DATA1,芯片
HDMI_TX_DATA2,芯片
HDMI_TX_CLK_N,芯片
HDMI_TX_DATA0_N,芯片
HDMI_TX_DATA1_N,芯片
HDMI_TX_DATA2_N,芯片
HDMI_CEC,芯片
HDMI_HPD,芯片
ETH_TX_P,芯片
ETH_TX_N,芯片
ETH_RX_P,芯片
ETH_RX_N,芯片
ETH_MDC,芯片
ETH_MDIO,芯片
ETH_CLK,芯片
ETH_RST,芯片
SD_CLK,芯片
SD_CMD,芯片
SD_D0,芯片
SD_D1,芯片
SD_D2,芯片
SD_D3,芯片
SD_CD,芯片
SD_WP,芯片
QSPI_CLK,芯片
QSPI_CS_B,芯片
QSPI_IO0,芯片
QSPI_IO1,芯片
QSPI_IO2,芯片
QSPI_IO3,芯片
I2S_CLK,芯片
I2S_LRCK,芯片
I2S_SDATA_IN,芯片
I2S_SDATA_OUT,芯片
I2S_MCLK,芯片
LIN_TX,芯片
LIN_RX,芯片
LIN_WAKE,芯片
RS485_A,芯片
RS485_B,芯片
RS485_RE,芯片
RS485_DE,芯片
RS232_TX,芯片
RS232_RX,芯片
RS232_RTS,芯片
RS232_CTS,芯片
SPI_1_SCK,芯片
SPI_1_MOSI,芯片
SPI_1_MISO,芯片
SPI_1_CS,芯片
SPI_2_SCK,芯片
SPI_2_MOSI,芯片
SPI_2_MISO,芯片
SPI_2_CS,芯片
I2C_1_SCL,芯片
I2C_1_SDA,芯片
I2C_2_SCL,芯片
I2C_2_SDA,芯片
UART_4_TX,芯片
UART_4_RX,芯片
UART_5_TX,芯片
UART_5_RX,芯片
CAN_3_H,芯片
CAN_3_L,芯片
USB_OTG_DP,芯片
USB_OTG_DM,芯片
USB_OTG_VBUS,芯片
HDMI_RX_CLK,芯片
HDMI_RX_DATA0,芯片
HDMI_RX_DATA1,芯片
HDMI_RX_DATA2,芯片
ETH_1_TX_P,芯片
ETH_1_TX_N,芯片
ETH_1_RX_P,芯片
ETH_1_RX_N,芯片
ETH_2_TX_P,芯片
ETH_2_TX_N,芯片
ETH_2_RX_P,芯片
ETH_2_RX_N,芯片
SDIO_CLK,芯片
SDIO_CMD,芯片
SDIO_D0,芯片
SDIO_D1,芯片
SDIO_D2,芯片
SDIO_D3,芯片
SDIO_D4,芯片
SDIO_D5,芯片
SDIO_D6,芯片
SDIO_D7,芯片
# 三、GPIO与控制引脚（120条）
GPIOA0_INPUT,芯片
GPIOA1_OUTPUT,芯片
GPIOB0_INPUT,芯片
GPIOB1_OUTPUT,芯片
GPIOC0_INPUT,芯片
GPIOC1_OUTPUT,芯片
GPIOD0_INPUT,芯片
GPIOD1_OUTPUT,芯片
GPIOE0_INPUT,芯片
GPIOE1_OUTPUT,芯片
GPIOF0_INPUT,芯片
GPIOF1_OUTPUT,芯片
GPIOG0_INPUT,芯片
GPIOG1_OUTPUT,芯片
GPIOH0_INPUT,芯片
GPIOH1_OUTPUT,芯片
GPIOA2_EXTI,芯片
GPIOA3_EXTI,芯片
GPIOB2_EXTI,芯片
GPIOB3_EXTI,芯片
GPIOC2_EXTI,芯片
GPIOC3_EXTI,芯片
GPIOD2_EXTI,芯片
GPIOD3_EXTI,芯片
GPIOA4_PWM,芯片
GPIOA5_PWM,芯片
GPIOB4_PWM,芯片
GPIOB5_PWM,芯片
GPIOC4_PWM,芯片
GPIOC5_PWM,芯片
GPIOD4_PWM,芯片
GPIOD5_PWM,芯片
GPIOA6_ADC,芯片
GPIOA7_ADC,芯片
GPIOB6_ADC,芯片
GPIOB7_ADC,芯片
GPIOC6_ADC,芯片
GPIOC7_ADC,芯片
GPIOD6_ADC,芯片
GPIOD7_ADC,芯片
GPIOA8_DAC,芯片
GPIOA9_DAC,芯片
GPIOB8_DAC,芯片
GPIOB9_DAC,芯片
GPIOC8_SPI,芯片
GPIOC9_SPI,芯片
GPIOD8_SPI,芯片
GPIOD9_SPI,芯片
GPIOA10_I2C,芯片
GPIOA11_I2C,芯片
GPIOB10_I2C,芯片
GPIOB11_I2C,芯片
GPIOC10_UART,芯片
GPIOC11_UART,芯片
GPIOD10_UART,芯片
GPIOD11_UART,芯片
RESET_N,芯片
RESET_B,芯片
NRST,芯片
EN_MAIN,芯片
EN_PERIPH,芯片
EN_LED,芯片
EN_SENSOR,芯片
EN_USB,芯片
EN_WIFI,芯片
EN_BT,芯片
EN_GPS,芯片
EN_LORA,芯片
EN_CAM,芯片
EN_LCD,芯片
EN_SD,芯片
INT_1,芯片
INT_2,芯片
INT_3,芯片
INT_4,芯片
IRQ_1,芯片
IRQ_2,芯片
IRQ_3,芯片
IRQ_4,芯片
WAKE_UP,芯片
WAKE_IN,芯片
WAKE_OUT,芯片
POWER_EN,芯片
POWER_OK,芯片
READY,芯片
BUSY,芯片
DONE,芯片
ERROR,芯片
FAULT,芯片
STATUS,芯片
MODE0,芯片
MODE1,芯片
MODE2,芯片
CONFIG0,芯片
CONFIG1,芯片
CONFIG2,芯片
SELECT0,芯片
SELECT1,芯片
SELECT2,芯片
CS0_B,芯片
CS1_B,芯片
CS2_B,芯片
CS3_B,芯片
HOLD,芯片
WP,芯片
OE_B,芯片
WE_B,芯片
ALE,芯片
CLE,芯片
# 四、模拟与功能模块引脚（100条）
ADC_IN0,芯片
ADC_IN1,芯片
ADC_IN2,芯片
ADC_IN3,芯片
ADC_IN4,芯片
ADC_IN5,芯片
ADC_IN6,芯片
ADC_IN7,芯片
ADC_IN8,芯片
ADC_IN9,芯片
ADC_REF,芯片
ADC_VREFP,芯片
ADC_VREFN,芯片
ADC_OSC,芯片
ADC_CLK,芯片
DAC_OUT0,芯片
DAC_OUT1,芯片
DAC_OUT2,芯片
DAC_OUT3,芯片
DAC_VREF,芯片
DAC_CLK,芯片
OPAMP_INP0,芯片
OPAMP_INN0,芯片
OPAMP_OUT0,芯片
OPAMP_INP1,芯片
OPAMP_INN1,芯片
OPAMP_OUT1,芯片
COMP_INP0,芯片
COMP_INN0,芯片
COMP_OUT0,芯片
COMP_INP1,芯片
COMP_INN1,芯片
COMP_OUT1,芯片
PWM_OUT0,芯片
PWM_OUT1,芯片
PWM_OUT2,芯片
PWM_OUT3,芯片
PWM_IN0,芯片
PWM_IN1,芯片
PWM_CLK,芯片
PWM_SYNC,芯片
TIMER_CLK,芯片
TIMER_CH0,芯片
TIMER_CH1,芯片
TIMER_CH2,芯片
TIMER_CH3,芯片
CAPTURE_IN0,芯片
CAPTURE_IN1,芯片
DAC_REF_P,芯片
DAC_REF_N,芯片
ADC_BYPASS,芯片
ADC_CALIB,芯片
OPAMP_GAIN0,芯片
OPAMP_GAIN1,芯片
COMP_THRESH,芯片
PWM_DEADTIME,芯片
TIMER_TRIG,芯片
TIMER_RESET,芯片
CAPTURE_OUT0,芯片
CAPTURE_OUT1,芯片
ADC_1_IN0,芯片
ADC_1_IN1,芯片
ADC_2_IN0,芯片
ADC_2_IN1,芯片
DAC_1_OUT0,芯片
DAC_1_OUT1,芯片
DAC_2_OUT0,芯片
DAC_2_OUT1,芯片
OPAMP_1_INP,芯片
OPAMP_1_INN,芯片
OPAMP_1_OUT,芯片
OPAMP_2_INP,芯片
OPAMP_2_INN,芯片
OPAMP_2_OUT,芯片
COMP_1_INP,芯片
COMP_1_INN,芯片
COMP_1_OUT,芯片
COMP_2_INP,芯片
COMP_2_INN,芯片
COMP_2_OUT,芯片
PWM_1_OUT0,芯片
PWM_1_OUT1,芯片
PWM_2_OUT0,芯片
PWM_2_OUT1,芯片
TIMER_1_CLK,芯片
TIMER_1_CH0,芯片
TIMER_2_CLK,芯片
TIMER_2_CH0,芯片
ADC_DIFF_INP0,芯片
ADC_DIFF_INN0,芯片
ADC_DIFF_INP1,芯片
ADC_DIFF_INN1,芯片
DAC_DIFF_OUT0P,芯片
DAC_DIFF_OUT0N,芯片
DAC_DIFF_OUT1P,芯片
DAC_DIFF_OUT1N,芯片
OPAMP_COMPENSATION,芯片
COMP_HYSTERESIS,芯片
# 五、JTAG/SWD与调试引脚（50条）
JTAG_TCK,芯片
JTAG_TMS,芯片
JTAG_TDI,芯片
JTAG_TDO,芯片
JTAG_TRST_B,芯片
JTAG_RTCK,芯片
SWD_CLK,芯片
SWD_IO,芯片
SWD_RESET,芯片
SWD_POWER,芯片
DEBUG_TX,芯片
DEBUG_RX,芯片
DEBUG_CLK,芯片
DEBUG_DATA,芯片
JTAG_VREF,芯片
JTAG_GND,芯片
SWD_VREF,芯片
SWD_GND,芯片
JTAG_TCK_1,芯片
JTAG_TMS_1,芯片
JTAG_TDI_1,芯片
JTAG_TDO_1,芯片
JTAG_TRST_B_1,芯片
SWD_CLK_1,芯片
SWD_IO_1,芯片
DEBUG_1_TX,芯片
DEBUG_1_RX,芯片
JTAG_TCK_TEST,芯片
JTAG_TMS_TEST,芯片
JTAG_TDI_TEST,芯片
JTAG_TDO_TEST,芯片
TRST_B_TEST,芯片
SWD_CLK_TEST,芯片
SWD_IO_TEST,芯片
DEBUG_TEST_TX,芯片
DEBUG_TEST_RX,芯片
JTAG_SRST_B,芯片
JTAG_ETR,芯片
JTAG_EMU0,芯片
JTAG_EMU1,芯片
SWD_NRST,芯片
SWD_SWO,芯片
DEBUG_CLK_2,芯片
DEBUG_DATA_2,芯片
JTAG_TCK_2,芯片
JTAG_TMS_2,芯片
JTAG_TDI_2,芯片
JTAG_TDO_2,芯片
SWD_CLK_2,芯片
SWD_IO_2,芯片
# 六、特殊功能引脚（50条）
TEMP_SENSOR_IN,芯片
THERMAL_SENSE,芯片
BATTERY_DETECT,芯片
VOLTAGE_MONITOR,芯片
CURRENT_SENSE,芯片
POWER_MONITOR,芯片
WAKE_ON_LAN,芯片
WAKE_ON_USB,芯片
WAKE_ON_UART,芯片
WAKE_ON_GPIO,芯片
SLEEP_MODE,芯片
STANDBY_MODE,芯片
POWER_SAVE,芯片
RESET_REQUEST,芯片
BOOT_MODE0,芯片
BOOT_MODE1,芯片
BOOT_MODE2,芯片
BOOT_SEL,芯片
FLASH_CS_B,芯片
FLASH_CLK,芯片
FLASH_DI,芯片
FLASH_DO,芯片
RAM_CS_B,芯片
RAM_CLK,芯片
RAM_ADDR0,芯片
RAM_ADDR1,芯片
RAM_DATA0,芯片
RAM_DATA1,芯片
EEPROM_CS_B,芯片
EEPROM_SCL,芯片
EEPROM_SDA,芯片
RTC_CLK_IN,芯片
RTC_CLK_OUT,芯片
RTC_DATA,芯片
RTC_RST,芯片
LED_DRIVER,芯片
BUZZER_DRIVER,芯片
RELAY_DRIVER,芯片
MOTOR_DRIVER_IN0,芯片
MOTOR_DRIVER_IN1,芯片
MOTOR_DRIVER_PWM,芯片
SENSOR_TRIG,芯片
SENSOR_ECHO,芯片
SENSOR_DATA,芯片
SENSOR_CLK,芯片
LCD_RS,芯片
LCD_EN,芯片
LCD_D4,芯片
LCD_D5,芯片
# 七、异常格式与组合引脚（50条）
I2C_SCL#1,芯片
I2C_SDA$2,芯片
SPI_SCLK&3,芯片
UART_TX%4,芯片
CAN_H_!5,芯片
USB_DP*6,芯片
GPIOA0@7,芯片
RESET_N-8,芯片
ADC_IN0/9,芯片
JTAG_TCK(10),芯片
I2C_SCL+I2C_SDA,芯片
SPI_SCLK+MOSI+MISO,芯片
UART_TX+UART_RX,芯片
CAN_H+CAN_L,芯片
USB_DP+USB_DM,芯片
GPIOA0+GPIOA1,芯片
RESET_N+WAKE_UP,芯片
ADC_IN0+ADC_IN1,芯片
JTAG_TCK+JTAG_TMS,芯片
VCC_3.3V+GND,芯片
I2C_SCL_10k,芯片
SPI_SCLK_8MHz,芯片
UART_TX_9600,芯片
CAN_H_5V,芯片
USB_DP_3.3V,芯片
GPIOA0_PULLUP,芯片
RESET_N_PULLDOWN,芯片
ADC_IN0_12BIT,芯片
JTAG_TCK_OPEN,芯片
VCC_3.3V_FILTERED,芯片
I2C_SCL_BUS1,芯片
SPI_SCLK_MASTER1,芯片
UART_TX_PORT1,芯片
CAN_H_CHANNEL1,芯片
USB_DP_OTG,芯片
GPIOA0_FUNCTION1,芯片
RESET_N_ACTIVELOW,芯片
ADC_IN0_DIFF,芯片
JTAG_TCK_TESTPOINT,芯片
VCC_3.3V_REGULATED,芯片
I2C_SCL_SLEW,芯片
SPI_SCLK_PHASE,芯片
UART_TX_PARITY,芯片
CAN_H_TERMINATED,芯片
USB_DP_PULLUP,芯片
GPIOA0_INTERRUPT,芯片
RESET_N_WATCHDOG,芯片
ADC_IN0_AVERAGED,芯片
JTAG_TCK_DEBUG,芯片
# 一、工业通信协议相关引脚（100条）
MODBUS_RTU_TX,芯片
MODBUS_RTU_RX,芯片
MODBUS_ASCII_TX,芯片
MODBUS_ASCII_RX,芯片
PROFINET_TxD+,芯片
PROFINET_TxD-,芯片
PROFINET_RxD+,芯片
PROFINET_RxD-,芯片
EtherNetIP_TX_P,芯片
EtherNetIP_TX_N,芯片
EtherNetIP_RX_P,芯片
EtherNetIP_RX_N,芯片
CANopen_CAN_H,芯片
CANopen_CAN_L,芯片
CANopen_STB,芯片
CANopen_ERR,芯片
DeviceNet_CAN_H,芯片
DeviceNet_CAN_L,芯片
DeviceNet_VREF,芯片
Profibus_DP_DATA+,芯片
Profibus_DP_DATA-,芯片
Profibus_DP_GND,芯片
HART_TX,芯片
HART_RX,芯片
HART_VCC,芯片
4-20mA_LOOP+,电阻
4-20mA_LOOP-,电阻
4-20mA_SIGNAL_IN,芯片
4-20mA_SIGNAL_OUT,芯片
4-20mA_COM,芯片
RS485_A_IND,芯片
RS485_B_IND,芯片
RS485_RE_IND,芯片
RS485_DE_IND,芯片
RS422_TX+,芯片
RS422_TX-,芯片
RS422_RX+,芯片
RS422_RX-,芯片
RS232_TxD_IND,芯片
RS232_RxD_IND,芯片
RS232_RTS_IND,芯片
RS232_CTS_IND,芯片
ASCII_TX_PORT,芯片
ASCII_RX_PORT,芯片
ISO11898_CAN_H,芯片
ISO11898_CAN_L,芯片
ISO11519_CAN_H,芯片
ISO11519_CAN_L,芯片
MODBUS_TCP_CLK,芯片
MODBUS_TCP_DATA,芯片
PROFINET_MDC,芯片
PROFINET_MDIO,芯片
EtherNetIP_MDC,芯片
EtherNetIP_MDIO,芯片
CANopen_TERM,电阻
DeviceNet_TERM,电阻
Profibus_TERM,电阻
RS485_TERM,电阻
RS422_TERM,电阻
HART_TERM,电阻
4-20mA_TERM,电阻
MODBUS_RTU_CTS,芯片
MODBUS_RTU_RTS,芯片
MODBUS_ASCII_CTS,芯片
MODBUS_ASCII_RTS,芯片
PROFINET_ERR,芯片
EtherNetIP_ERR,芯片
CANopen_WAKE,芯片
DeviceNet_WAKE,芯片
Profibus_DP_ERR,芯片
HART_WAKE,芯片
4-20mA_WAKE,芯片
RS485_ERR,芯片
RS422_ERR,芯片
RS232_ERR,芯片
ASCII_ERR,芯片
ISO11898_ERR,芯片
MODBUS_TCP_ERR,芯片
PROFINET_WAKE,芯片
EtherNetIP_WAKE,芯片
CANopen_RESET,芯片
DeviceNet_RESET,芯片
Profibus_DP_RESET,芯片
HART_RESET,芯片
4-20mA_RESET,芯片
RS485_RESET,芯片
RS422_RESET,芯片
RS232_RESET,芯片
ASCII_RESET,芯片
ISO11898_RESET,芯片
MODBUS_TCP_RESET,芯片
PROFINET_POWER,芯片
EtherNetIP_POWER,芯片
CANopen_POWER,芯片
DeviceNet_POWER,芯片
Profibus_DP_POWER,芯片
HART_POWER,芯片
4-20mA_POWER,芯片
RS485_POWER,芯片
RS422_POWER,芯片
RS232_POWER,芯片
ASCII_POWER,芯片
ISO11898_POWER,芯片
MODBUS_TCP_POWER,芯片
# 二、汽车电子通信协议相关引脚（100条）
OBD2_CAN_H,芯片
OBD2_CAN_L,芯片
OBD2_K_LINE,芯片
OBD2_L_LINE,芯片
OBD2_SAE_J1850_PWM+,芯片
OBD2_SAE_J1850_PWM-,芯片
OBD2_SAE_J1850_VPW,芯片
OBD2_12V_POWER,芯片
OBD2_CHASSIS_GND,接地
OBD2_SIGNAL_GND,接地
ISO9141_2_K_LINE,芯片
ISO9141_2_L_LINE,芯片
ISO14230_4_KWP,芯片
ISO15765_CAN_H,芯片
ISO15765_CAN_L,芯片
SAE_J2284_CAN_H,芯片
SAE_J2284_CAN_L,芯片
KWP2000_K_LINE,芯片
KWP2000_L_LINE,芯片
LIN_MASTER_TX,芯片
LIN_MASTER_RX,芯片
LIN_SLAVE_TX,芯片
LIN_SLAVE_RX,芯片
LIN_WAKE,芯片
MOST_DATA+,芯片
MOST_DATA-,芯片
MOST_CLOCK,芯片
CAN_HIGH_SPEED,芯片
CAN_LOW_SPEED,芯片
OBD2_RESERVED_1,芯片
OBD2_RESERVED_3,芯片
OBD2_RESERVED_8,芯片
OBD2_RESERVED_9,芯片
OBD2_RESERVED_11,芯片
OBD2_RESERVED_12,芯片
OBD2_RESERVED_13,芯片
LIN_BUS_TERM,电阻
CAN_HIGH_TERM,电阻
CAN_LOW_TERM,电阻
MOST_TERM,电阻
OBD2_CAN_TERM,电阻
ISO9141_TERM,电阻
KWP2000_TERM,电阻
LIN_MASTER_WAKE,芯片
LIN_SLAVE_WAKE,芯片
MOST_WAKE,芯片
CAN_HIGH_WAKE,芯片
CAN_LOW_WAKE,芯片
OBD2_WAKE,芯片
ISO9141_WAKE,芯片
KWP2000_WAKE,芯片
LIN_MASTER_ERR,芯片
LIN_SLAVE_ERR,芯片
MOST_ERR,芯片
CAN_HIGH_ERR,芯片
CAN_LOW_ERR,芯片
OBD2_ERR,芯片
ISO9141_ERR,芯片
KWP2000_ERR,芯片
LIN_MASTER_RESET,芯片
LIN_SLAVE_RESET,芯片
MOST_RESET,芯片
CAN_HIGH_RESET,芯片
CAN_LOW_RESET,芯片
OBD2_RESET,芯片
ISO9141_RESET,芯片
KWP2000_RESET,芯片
LIN_MASTER_POWER,芯片
LIN_SLAVE_POWER,芯片
MOST_POWER,芯片
CAN_HIGH_POWER,芯片
CAN_LOW_POWER,芯片
OBD2_POWER,芯片
ISO9141_POWER,芯片
KWP2000_POWER,芯片
LIN_MASTER_CLK,芯片
LIN_SLAVE_CLK,芯片
MOST_CLK,芯片
CAN_HIGH_CLK,芯片
CAN_LOW_CLK,芯片
OBD2_CLK,芯片
ISO9141_CLK,芯片
KWP2000_CLK,芯片
LIN_MASTER_DATA,芯片
LIN_SLAVE_DATA,芯片
MOST_DATA,芯片
CAN_HIGH_DATA,芯片
CAN_LOW_DATA,芯片
OBD2_DATA,芯片
ISO9141_DATA,芯片
KWP2000_DATA,芯片
# 三、消费电子通信协议相关引脚（100条）
USB3_TX1+,芯片
USB3_TX1-,芯片
USB3_RX1+,芯片
USB3_RX1-,芯片
USB3_TX2+,芯片
USB3_TX2-,芯片
USB3_RX2+,芯片
USB3_RX2-,芯片
HDMI2_0_TX_CLK,芯片
HDMI2_0_TX_DATA0,芯片
HDMI2_0_TX_DATA1,芯片
HDMI2_0_TX_DATA2,芯片
HDMI2_0_TX_CLK_N,芯片
HDMI2_0_TX_DATA0_N,芯片
HDMI2_0_TX_DATA1_N,芯片
HDMI2_0_TX_DATA2_N,芯片
MIPI_DSI_CLK+,芯片
MIPI_DSI_CLK-,芯片
MIPI_DSI_DATA0+,芯片
MIPI_DSI_DATA0-,芯片
MIPI_DSI_DATA1+,芯片
MIPI_DSI_DATA1-,芯片
MIPI_CSI_CLK+,芯片
MIPI_CSI_CLK-,芯片
MIPI_CSI_DATA0+,芯片
MIPI_CSI_DATA0-,芯片
MIPI_CSI_DATA1+,芯片
MIPI_CSI_DATA1-,芯片
I2S_24BIT_CLK,芯片
I2S_24BIT_LRCK,芯片
I2S_24BIT_SDATA_IN,芯片
I2S_24BIT_SDATA_OUT,芯片
I2S_24BIT_MCLK,芯片
SDIO_4BIT_CLK,芯片
SDIO_4BIT_CMD,芯片
SDIO_4BIT_D0,芯片
SDIO_4BIT_D1,芯片
SDIO_4BIT_D2,芯片
SDIO_4BIT_D3,芯片
SDIO_8BIT_CLK,芯片
SDIO_8BIT_CMD,芯片
SDIO_8BIT_D0,芯片
SDIO_8BIT_D1,芯片
SDIO_8BIT_D2,芯片
SDIO_8BIT_D3,芯片
SDIO_8BIT_D4,芯片
SDIO_8BIT_D5,芯片
SDIO_8BIT_D6,芯片
SDIO_8BIT_D7,芯片
WiFi_2_4G_TX,芯片
WiFi_2_4G_RX,芯片
WiFi_2_4G_CLK,芯片
WiFi_5G_TX,芯片
WiFi_5G_RX,芯片
WiFi_5G_CLK,芯片
BT_5_0_TX,芯片
BT_5_0_RX,芯片
BT_5_0_CLK,芯片
BT_5_0_DATA,芯片
ZigBee_TX,芯片
ZigBee_RX,芯片
ZigBee_CLK,芯片
ZigBee_DATA,芯片
NFC_TX,芯片
NFC_RX,芯片
NFC_CLK,芯片
NFC_DATA,芯片
USB3_TERM,电阻
HDMI2_0_TERM,电阻
MIPI_DSI_TERM,电阻
MIPI_CSI_TERM,电阻
I2S_24BIT_TERM,电阻
SDIO_4BIT_TERM,电阻
SDIO_8BIT_TERM,电阻
WiFi_2_4G_TERM,电阻
WiFi_5G_TERM,电阻
BT_5_0_TERM,电阻
ZigBee_TERM,电阻
NFC_TERM,电阻
USB3_WAKE,芯片
HDMI2_0_WAKE,芯片
MIPI_DSI_WAKE,芯片
MIPI_CSI_WAKE,芯片
I2S_24BIT_WAKE,芯片
SDIO_4BIT_WAKE,芯片
SDIO_8BIT_WAKE,芯片
WiFi_2_4G_WAKE,芯片
WiFi_5G_WAKE,芯片
BT_5_0_WAKE,芯片
ZigBee_WAKE,芯片
NFC_WAKE,芯片
USB3_ERR,芯片
HDMI2_0_ERR,芯片
MIPI_DSI_ERR,芯片
MIPI_CSI_ERR,芯片
I2S_24BIT_ERR,芯片
SDIO_4BIT_ERR,芯片
SDIO_8BIT_ERR,芯片
WiFi_2_4G_ERR,芯片
WiFi_5G_ERR,芯片
BT_5_0_ERR,芯片
ZigBee_ERR,芯片
NFC_ERR,芯片
# 四、电阻类元件引脚/标识（75条）
R_VCC_DIV_10K,电阻
R_GND_DIV_22K,电阻
R_PULLUP_I2C_4_7K,电阻
R_PULLDOWN_SPI_10K,电阻
R_TERM_CAN_120R,电阻
R_TERM_RS485_120R,电阻
R_LOAD_LED_330R,电阻
R_CURRENT_LIMIT_1K,电阻
R_VOLTAGE_DIV_TOP_100K,电阻
R_VOLTAGE_DIV_BOTTOM_22K,电阻
R_PULLUP_UART_10K,电阻
R_PULLDOWN_I2C_4_7K,电阻
R_TERM_ETH_50R,电阻
R_LOAD_MOTOR_100R,电阻
R_CURRENT_LIMIT_2K2,电阻
R_VCC_DIV_15K,电阻
R_GND_DIV_33K,电阻
R_PULLUP_SPI_4_7K,电阻
R_PULLDOWN_UART_10K,电阻
R_TERM_HDMI_50R,电阻
R_LOAD_SENSOR_220R,电阻
R_CURRENT_LIMIT_3K3,电阻
R_VCC_DIV_22K,电阻
R_GND_DIV_47K,电阻
R_PULLUP_CAN_10K,电阻
R_PULLDOWN_SPI_4_7K,电阻
R_TERM_USB_45R,电阻
R_LOAD_BUZZER_1K5,电阻
R_CURRENT_LIMIT_4K7,电阻
R_VCC_DIV_33K,电阻
R_GND_DIV_68K,电阻
R_PULLUP_I2C_10K,电阻
R_PULLDOWN_I2C_10K,电阻
R_TERM_LIN_1K,电阻
R_LOAD_RELAY_220R,电阻
R_CURRENT_LIMIT_5K6,电阻
R_VCC_DIV_47K,电阻
R_GND_DIV_82K,电阻
R_PULLUP_UART_4_7K,电阻
R_PULLDOWN_UART_4_7K,电阻
R_TERM_MOST_100R,电阻
R_LOAD_LED_220R,电阻
R_CURRENT_LIMIT_6K8,电阻
R_VCC_DIV_68K,电阻
R_GND_DIV_100K,电阻
R_PULLUP_SPI_10K,电阻
R_PULLDOWN_SPI_10K,电阻
R_TERM_PROFIBUS_150R,电阻
R_LOAD_MOTOR_220R,电阻
R_CURRENT_LIMIT_8K2,电阻
R_VCC_DIV_82K,电阻
R_GND_DIV_120K,电阻
R_PULLUP_CAN_4_7K,电阻
R_PULLDOWN_CAN_4_7K,电阻
R_TERM_DEVICE_NET_120R,电阻
R_LOAD_SENSOR_330R,电阻
R_CURRENT_LIMIT_9K1,电阻
R_VCC_DIV_100K,电阻
R_GND_DIV_150K,电阻
R_PULLUP_I2C_22K,电阻
R_PULLDOWN_I2C_22K,电阻
R_TERM_HART_250R,电阻
R_LOAD_BUZZER_2K2,电阻
R_CURRENT_LIMIT_10K,电阻
R_VCC_DIV_120K,电阻
R_GND_DIV_180K,电阻
R_PULLUP_UART_22K,电阻
R_PULLDOWN_UART_22K,电阻
R_TERM_4_20MA_250R,电阻
R_LOAD_RELAY_330R,电阻
R_CURRENT_LIMIT_12K,电阻
R_VCC_DIV_150K,电阻
R_GND_DIV_220K,电阻
R_PULLUP_SPI_22K,电阻
R_PULLDOWN_SPI_22K,电阻
R_TERM_ZIGBEE_50R,电阻
R_LOAD_LED_1K,电阻
R_CURRENT_LIMIT_15K,电阻
R_VCC_DIV_180K,电阻
R_GND_DIV_270K,电阻
R_PULLUP_CAN_22K,电阻
R_PULLDOWN_CAN_22K,电阻
# 五、电容类元件引脚/标识（75条）
C_FILTER_VCC_10UF,电容
C_FILTER_GND_100NF,电容
C_DECOUPLE_IC_1UF,电容
C_CERAMIC_SPI_0_1UF,电容
C_ELECTROLYTIC_USB_220UF,电容
C_FILTER_I2C_10NF,电容
C_DECOUPLE_MCU_0_01UF,电容
C_CERAMIC_CAN_100PF,电容
C_ELECTROLYTIC_VCC_470UF,电容
C_FILTER_UART_1NF,电容
C_DECOUPLE_SENSOR_10UF,电容
C_CERAMIC_ETH_10NF,电容
C_ELECTROLYTIC_GND_100UF,电容
C_FILTER_SPI_100NF,电容
C_DECOUPLE_LED_22UF,电容
C_CERAMIC_HDMI_1NF,电容
C_ELECTROLYTIC_5V_680UF,电容
C_FILTER_CAN_10NF,电容
C_DECOUPLE_USB_1UF,电容
C_CERAMIC_LIN_100PF,电容
C_ELECTROLYTIC_12V_1000UF,电容
C_FILTER_LIN_1NF,电容
C_DECOUPLE_MOTOR_47UF,电容
C_CERAMIC_MOST_10NF,电容
C_ELECTROLYTIC_3_3V_220UF,电容
C_FILTER_MOST_1NF,电容
C_DECOUPLE_RELAY_10UF,电容
C_CERAMIC_PROFIBUS_100PF,电容
C_ELECTROLYTIC_9V_330UF,电容
C_FILTER_PROFIBUS_10NF,电容
C_DECOUPLE_BUZZER_22UF,电容
C_CERAMIC_DEVICE_NET_10NF,电容
C_ELECTROLYTIC_18V_470UF,电容
C_FILTER_DEVICE_NET_1NF,电容
C_DECOUPLE_SENSOR_22UF,电容
C_CERAMIC_HART_100PF,电容
C_ELECTROLYTIC_24V_680UF,电容
C_FILTER_HART_10NF,电容
C_DECOUPLE_LED_47UF,电容
C_CERAMIC_4_20MA_10NF,电容
C_ELECTROLYTIC_5V_100UF,电容
C_FILTER_4_20MA_1NF,电容
C_DECOUPLE_MCU_1UF,电容
C_CERAMIC_ZIGBEE_100PF,电容
C_ELECTROLYTIC_12V_220UF,电容
C_FILTER_ZIGBEE_10NF,电容
C_DECOUPLE_IC_22UF,电容
C_CERAMIC_WIFI_10NF,电容
C_ELECTROLYTIC_3_3V_470UF,电容
C_FILTER_WIFI_1NF,电容
C_DECOUPLE_SPI_10UF,电容
C_CERAMIC_BT_100PF,电容
C_ELECTROLYTIC_9V_470UF,电容
C_FILTER_BT_10NF,电容
C_DECOUPLE_I2C_22UF,电容
C_CERAMIC_NFC_10NF,电容
C_ELECTROLYTIC_18V_680UF,电容
C_FILTER_NFC_1NF,电容
C_DECOUPLE_UART_10UF,电容
C_CERAMIC_MIPI_100PF,电容
C_ELECTROLYTIC_24V_1000UF,电容
C_FILTER_MIPI_10NF,电容
C_DECOUPLE_CAN_22UF,电容
C_CERAMIC_HDMI2_0_10NF,电容
C_ELECTROLYTIC_5V_330UF,电容
C_FILTER_HDMI2_0_1NF,电容
C_DECOUPLE_LIN_10UF,电容
C_CERAMIC_SDIO_100PF,电容
C_ELECTROLYTIC_12V_470UF,电容
C_FILTER_SDIO_10NF,电容
C_DECOUPLE_MOST_22UF,电容
C_CERAMIC_I2S_10NF,电容
C_ELECTROLYTIC_3_3V_680UF,电容
C_FILTER_I2S_1NF,电容
C_DECOUPLE_PROFIBUS_10UF,电容
C_CERAMIC_ETHERNETIP_100PF,电容
C_ELECTROLYTIC_9V_680UF,电容
C_FILTER_ETHERNETIP_10NF,电容
C_DECOUPLE_DEVICE_NET_22UF,电容
# 六、电感/电机/二极管/压敏电阻类（75条）
L_FILTER_VCC_10UH,电感
L_FILTER_GND_22UH,电感
L_POWER_USB_47UH,电感
L_FILTER_SPI_100UH,电感
L_POWER_MCU_68UH,电感
L_FILTER_I2C_15UH,电感
L_POWER_LED_33UH,电感
L_FILTER_CAN_82UH,电感
L_POWER_SENSOR_56UH,电感
L_FILTER_UART_27UH,电感
L_POWER_MOTOR_100UH,电感
L_FILTER_ETH_47UH,电感
L_POWER_RELAY_68UH,电感
L_FILTER_HDMI_33UH,电感
L_POWER_BUZZER_82UH,电感
L_FILTER_LIN_22UH,电感
L_POWER_WIFI_56UH,电感
L_FILTER_MOST_10UH,电感
L_POWER_BT_47UH,电感
L_FILTER_PROFIBUS_68UH,电感
L_POWER_ZIGBEE_33UH,电感
L_FILTER_DEVICE_NET_82UH,电感
L_POWER_NFC_22UH,电感
L_FILTER_HART_10UH,电感
L_POWER_4_20MA_47UH,电感
L_FILTER_ETHERNETIP_68UH,电感
L_POWER_MIPI_33UH,电感
L_FILTER_SDIO_82UH,电感
L_POWER_I2S_22UH,电感
L_FILTER_MODBUS_10UH,电感
MOTOR_IN1_PWM,电机
MOTOR_IN2_PWM,电机
MOTOR_EN_PWM,电机
MOTOR_SPEED_FB,电机
MOTOR_DIR_CTRL,电机
MOTOR_CURRENT_FB,电机
MOTOR_BRAKE_CTRL,电机
MOTOR_STALL_DET,电机
MOTOR_TEMP_FB,电机
MOTOR_POWER_EN,电机
D_CLAMP_USB_5V,二极管
D_CLAMP_CAN_3_3V,二极管
D_LED_DRIVER_RED,二极管
D_LED_DRIVER_GREEN,二极管
D_LED_DRIVER_BLUE,二极管
D_FLYBACK_MOTOR,二极管
D_RECTIFIER_12V,二极管
D_CLAMP_RS485_5V,二极管
D_ESD_ETH,二极管
D_ESD_HDMI,二极管
D_CLAMP_LIN_12V,二极管
D_ESD_WIFI,二极管
D_ESD_BT,二极管
D_CLAMP_PROFIBUS_5V,二极管
D_ESD_ZIGBEE,二极管
D_CLAMP_DEVICE_NET_5V,二极管
D_ESD_NFC,二极管
D_CLAMP_HART_5V,二极管
D_ESD_4_20MA,二极管
D_CLAMP_ETHERNETIP_5V,二极管
D_ESD_MIPI,二极管
D_CLAMP_SDIO_3_3V,二极管
D_ESD_I2S,二极管
D_CLAMP_MODBUS_5V,二极管
TVS_USB_6V8,压敏电阻
TVS_CAN_5V,压敏电阻
TVS_RS485_12V,压敏电阻
TVS_ETH_8V2,压敏电阻
TVS_HDMI_6V8,压敏电阻
TVS_LIN_15V,压敏电阻
TVS_WIFI_6V8,压敏电阻
TVS_BT_6V8,压敏电阻
TVS_PROFIBUS_12V,压敏电阻
TVS_ZIGBEE_6V8,压敏电阻
TVS_DEVICE_NET_12V,压敏电阻
TVS_NFC_6V8,压敏电阻
TVS_HART_12V,压敏电阻
TVS_4_20MA_12V,压敏电阻
TVS_ETHERNETIP_8V2,压敏电阻
TVS_MIPI_6V8,压敏电阻
TVS_SDIO_6V8,压敏电阻
# 七、接地与特殊功能引脚（75条）
GND_ANALOG_ANA,接地
GND_DIGITAL_DIG,接地
GND_POWER_PWR,接地
GND_SIGNAL_SIG,接地
GND_USB,接地
GND_CAN,接地
GND_SPI,接地
GND_I2C,接地
GND_UART,接地
GND_ETH,接地
GND_HDMI,接地
GND_LIN,接地
GND_WIFI,接地
GND_BT,接地
GND_ZIGBEE,接地
GND_NFC,接地
GND_MIPI,接地
GND_SDIO,接地
GND_I2S,接地
GND_MODBUS,接地
GND_PROFINET,接地
GND_ETHERNETIP,接地
GND_CANopen,接地
GND_DeviceNet,接地
GND_Profibus,接地
GND_HART,接地
GND_4_20MA,接地
GND_RS485,接地
GND_RS422,接地
GND_RS232,接地
GND_ASCII,接地
GND_OBD2,接地
GND_ISO9141,接地
GND_KWP2000,接地
GND_MOST,接地
THERMAL_SENSE_MCU,芯片
TEMP_SENSOR_POWER,芯片
BATTERY_DETECT_12V,芯片
VOLTAGE_MONITOR_3_3V,芯片
CURRENT_SENSE_MOTOR,芯片
POWER_MONITOR_5V,芯片
WAKE_ON_LAN_ETH,芯片
WAKE_ON_USB_HOST,芯片
WAKE_ON_UART_1,芯片
WAKE_ON_GPIO_A0,芯片
SLEEP_MODE_CTRL,芯片
STANDBY_MODE_CTRL,芯片
POWER_SAVE_EN,芯片
RESET_REQUEST_MCU,芯片
BOOT_MODE_SEL0,芯片
BOOT_MODE_SEL1,芯片
BOOT_MODE_SEL2,芯片
FLASH_CS_B,芯片
FLASH_CLK,芯片
FLASH_DI,芯片
FLASH_DO,芯片
RAM_CS_B,芯片
RAM_CLK,芯片
RAM_ADDR0,芯片
RAM_ADDR1,芯片
EEPROM_CS_B,芯片
EEPROM_SCL,芯片
EEPROM_SDA,芯片
RTC_CLK_IN,芯片
RTC_CLK_OUT,芯片
RTC_DATA,芯片
LED_DRIVER_CTRL,芯片
BUZZER_DRIVER_CTRL,芯片
RELAY_DRIVER_CTRL,芯片
SENSOR_TRIG_OUT,芯片
SENSOR_ECHO_IN,芯片
LCD_RS_CTRL,芯片
LCD_EN_CTRL,芯片
LCD_D4_DATA,芯片
LCD_D5_DATA,芯片
LCD_D6_DATA,芯片
LCD_D7_DATA,芯片
# 一、电阻类（浮点数+噪声，100条）
1R1.2Ω,电阻
2R2.4Ω,电阻
3R3.3Ω,电阻
4R4.7Ω,电阻
5R5.6Ω,电阻
6R6.8Ω,电阻
7R7.5Ω,电阻
8R8.2Ω,电阻
9R9.1Ω,电阻
10R10.0Ω,电阻
11R12.0Ω,电阻
12R15.0Ω,电阻
13R18.0Ω,电阻
14R22.0Ω,电阻
15R27.0Ω,电阻
16R33.0Ω,电阻
17R39.0Ω,电阻
18R47.0Ω,电阻
19R56.0Ω,电阻
20R68.0Ω,电阻
21R82.0Ω,电阻
22R91.0Ω,电阻
23R100.0Ω,电阻
24R120.0Ω8,电阻
25R150.0Ω9,电阻
26R180.0Ω7,电阻
27R220.0Ω6,电阻
28R270.0Ω5,电阻
29R330.0Ω4,电阻
30R390.0Ω3,电阻
31R470.0Ω2,电阻
32R560.0Ω1,电阻
33R680.0Ω0,电阻
34R820.0Ω#1,电阻
35R910.0Ω$2,电阻
36R1.0kΩ&3,电阻
37R1.2kΩ%4,电阻
38R1.5kΩ!5,电阻
39R1.8kΩ*6,电阻
40R2.2kΩ@7,电阻
41R2.7kΩ-8,电阻
42R3.3kΩ/9,电阻
43R3.9kΩ(0,电阻
44R4.7kΩ)1,电阻
45R5.6kΩ+2,电阻
46R6.8kΩ=3,电阻
47R8.2kΩ~4,电阻
48R9.1kΩ`5,电阻
49R10.0kΩ^6,电阻
50R12.0kΩ&7,电阻
51R15.0kΩ*8,电阻
52R18.0kΩ(9,电阻
53R22.0kΩ)0,电阻
54R27.0kΩ-1,电阻
55R33.0kΩ_2,电阻
56R39.0kΩ+3,电阻
57R47.0kΩ=4,电阻
58R56.0kΩ[5,电阻
59R68.0kΩ]6,电阻
60R82.0kΩ{7,电阻
61R91.0kΩ}8,电阻
62R100.0kΩ|9,电阻
63R120.0kΩ\0,电阻
64R150.0kΩ;1,电阻
65R180.0kΩ:2,电阻
66R220.0kΩ"3,电阻
67R270.0kΩ'4,电阻
68R330.0kΩ<5,电阻
69R390.0kΩ>6,电阻
70R470.0kΩ?7,电阻
71R560.0kΩ8,电阻
72R680.0kΩ.9,电阻
73R820.0kΩ0,电阻
74R910.0kΩ1,电阻
75R1.0MΩ2,电阻
76R1.2MΩ3,电阻
77R1.5MΩ4,电阻
78R1.8MΩ5,电阻
79R2.2MΩ6,电阻
80R2.7MΩ7,电阻
81R3.3MΩ8,电阻
82R3.9MΩ9,电阻
83R4.7MΩ0,电阻
84R5.6MΩ1,电阻
85R6.8MΩ2,电阻
86R8.2MΩ3,电阻
87R9.1MΩ4,电阻
88R10.0MΩ5,电阻
89R12.0MΩ6,电阻
90R15.0MΩ7,电阻
91R18.0MΩ8,电阻
92R22.0MΩ9,电阻
93R27.0MΩ0,电阻
94R33.0MΩ1,电阻
95R39.0MΩ2,电阻
96R47.0MΩ3,电阻
97R56.0MΩ4,电阻
98R68.0MΩ5,电阻
99R82.0MΩ6,电阻
100R91.0MΩ7,电阻
# 二、电容类（浮点数+噪声，100条）
1C1.0μF,电容
2C1.2μF,电容
3C1.5μF,电容
4C1.8μF,电容
5C2.2μF,电容
6C2.7μF,电容
7C3.3μF,电容
8C3.9μF,电容
9C4.7μF,电容
10C5.6μF,电容
11C6.8μF,电容
12C7.5μF,电容
13C8.2μF,电容
14C9.1μF,电容
15C10.0μF,电容
16C12.0μF8,电容
17C15.0μF9,电容
18C18.0μF7,电容
19C22.0μF6,电容
20C27.0μF5,电容
21C33.0μF4,电容
22C39.0μF3,电容
23C47.0μF2,电容
24C56.0μF1,电容
25C68.0μF0,电容
26C82.0μF#1,电容
27C91.0μF$2,电容
28C100.0μF&3,电容
29C120.0μF%4,电容
30C150.0μF!5,电容
31C180.0μF*6,电容
32C220.0μF@7,电容
33C270.0μF-8,电容
34C330.0μF/9,电容
35C390.0μF(0,电容
36C470.0μF)1,电容
37C560.0μF+2,电容
38C680.0μF=3,电容
39C820.0μF~4,电容
40C910.0μF`5,电容
41C1.0mF^6,电容
42C1.2mF&7,电容
43C1.5mF*8,电容
44C1.8mF(9,电容
45C2.2mF)0,电容
46C2.7mF-1,电容
47C3.3mF_2,电容
48C3.9mF+3,电容
49C4.7mF=4,电容
50C5.6mF[5,电容
51C6.8mF]6,电容
52C8.2mF{7,电容
53C9.1mF}8,电容
54C10.0mF|9,电容
55C12.0mF\0,电容
56C15.0mF;1,电容
57C18.0mF:2,电容
58C22.0mF"3,电容
59C27.0mF'4,电容
60C33.0mF<5,电容
61C39.0mF>6,电容
62C47.0mF?7,电容
63C56.0mF8,电容
64C68.0mF.9,电容
65C82.0mF0,电容
66C91.0mF1,电容
67C100.0nF2,电容
68C120.0nF3,电容
69C150.0nF4,电容
70C180.0nF5,电容
71C220.0nF6,电容
72C270.0nF7,电容
73C330.0nF8,电容
74C390.0nF9,电容
75C470.0nF0,电容
76C560.0nF1,电容
77C680.0nF2,电容
78C820.0nF3,电容
79C910.0nF4,电容
80C1.0nF5,电容
81C1.2nF6,电容
82C1.5nF7,电容
83C1.8nF8,电容
84C2.2nF9,电容
85C2.7nF0,电容
86C3.3nF1,电容
87C3.9nF2,电容
88C4.7nF3,电容
89C5.6nF4,电容
90C6.8nF5,电容
91C7.5nF6,电容
92C8.2nF7,电容
93C9.1nF8,电容
94C10.0pF9,电容
95C12.0pF0,电容
96C15.0pF1,电容
97C18.0pF2,电容
98C22.0pF3,电容
99C27.0pF4,电容
100C33.0pF5,电容
# 三、电感类（浮点数+噪声，80条）
1L1.0mH,电感
2L1.2mH,电感
3L1.5mH,电感
4L1.8mH,电感
5L2.2mH,电感
6L2.7mH,电感
7L3.3mH,电感
8L3.9mH,电感
9L4.7mH,电感
10L5.6mH,电感
11L6.8mH,电感
12L7.5mH,电感
13L8.2mH,电感
14L9.1mH,电感
15L10.0mH,电感
16L12.0mH8,电感
17L15.0mH9,电感
18L18.0mH7,电感
19L22.0mH6,电感
20L27.0mH5,电感
21L33.0mH4,电感
22L39.0mH3,电感
23L47.0mH2,电感
24L56.0mH1,电感
25L68.0mH0,电感
26L82.0mH#1,电感
27L91.0mH$2,电感
28L100.0mH&3,电感
29L120.0mH%4,电感
30L150.0mH!5,电感
31L180.0mH*6,电感
32L220.0mH@7,电感
33L270.0mH-8,电感
34L330.0mH/9,电感
35L390.0mH(0,电感
36L470.0mH)1,电感
37L560.0mH+2,电感
38L680.0mH=3,电感
39L820.0mH~4,电感
40L910.0mH`5,电感
41L1.0H^6,电感
42L1.2H&7,电感
43L1.5H*8,电感
44L1.8H(9,电感
45L2.2H)0,电感
46L2.7H-1,电感
47L3.3H_2,电感
48L3.9H+3,电感
49L4.7H=4,电感
50L5.6H[5,电感
51L6.8H]6,电感
52L7.5H{7,电感
53L8.2H}8,电感
54L9.1H|9,电感
55L10.0H\0,电感
56L12.0μH;1,电感
57L15.0μH:2,电感
58L18.0μH"3,电感
59L22.0μH'4,电感
60L27.0μH<5,电感
61L33.0μH>6,电感
62L39.0μH?7,电感
63L47.0μH8,电感
64L56.0μH.9,电感
65L68.0μH0,电感
66L75.0μH1,电感
67L82.0μH2,电感
68L91.0μH3,电感
69L100.0μH4,电感
70L120.0μH5,电感
71L150.0μH6,电感
72L180.0μH7,电感
73L220.0μH8,电感
74L270.0μH9,电感
75L330.0μH0,电感
76L390.0μH1,电感
77L470.0μH2,电感
78L560.0μH3,电感
79L680.0μH4,电感
80L820.0μH5,电感
# 四、接地类（噪声前缀/后缀，70条）
1GND,接地
2GND,接地
3GND,接地
4GND,接地
5GND,接地
6GND,接地
7GND,接地
8GND,接地
9GND,接地
10GND,接地
11AGND,接地
12AGND,接地
13DGND,接地
14DGND,接地
15PGND,接地
16PGND,接地
17SGND,接地
18SGND,接地
19GND1,接地
20GND2,接地
21GND3,接地
22GND4,接地
23GND5,接地
24GND68,接地
25GND79,接地
26GND87,接地
27GND96,接地
28AGND1,接地
29AGND2,接地
30DGND3,接地
31DGND4,接地
32PGND5,接地
33PGND6,接地
34SGND7,接地
35SGND8,接地
361AGND,接地
372DGND,接地
383PGND,接地
394SGND,接地
405GND_1,接地
416GND_2,接地
427GND_3,接地
438GND_4,接地
449GND_5,接地
450GND_6,接地
461GND#7,接地
472GND$8,接地
483GND&9,接地
494GND%0,接地
505GND!1,接地
516GND*2,接地
527GND@3,接地
538GND-4,接地
549GND/5,接地
550GND(6,接地
561AGND)7,接地
572DGND+8,接地
583PGND=9,接地
594SGND~0,接地
605GND`1,接地
616GND^2,接地
627GND&3,接地
638GND*4,接地
649GND(5,接地
650GND)6,接地
661GND-7,接地
672GND_8,接地
683GND+9,接地
694GND=0,接地
705GND[1,接地
# 五、芯片类（浮点数+噪声，100条）
1I2C_SCL_3.3V,芯片
2I2C_SDA_3.3V,芯片
3SPI_SCLK_5.0V,芯片
4SPI_MOSI_5.0V,芯片
5SPI_MISO_5.0V,芯片
6UART_TX_1.8V,芯片
7UART_RX_1.8V,芯片
8CAN_H_2.5V,芯片
9CAN_L_2.5V,芯片
10USB_DP_4.2V,芯片
11USB_DM_4.2V,芯片
12GPIOA0_3.3V8,芯片
13GPIOB0_3.3V9,芯片
14GPIOC0_5.0V7,芯片
15GPIOD0_5.0V6,芯片
16GPIOE0_1.8V5,芯片
17GPIOF0_1.8V4,芯片
18GPIOG0_2.5V3,芯片
19GPIOH0_2.5V2,芯片
20RESET_N_3.3V1,芯片
21ADC_IN0_1.2V0,芯片
22ADC_IN1_1.5V#1,芯片
23ADC_IN2_1.8V$2,芯片
24ADC_IN3_2.2V&3,芯片
25ADC_IN4_2.7V%4,芯片
26ADC_IN5_3.3V!5,芯片
27ADC_IN6_3.9V*6,芯片
28ADC_IN7_4.7V@7,芯片
29DAC_OUT0_1.0V-8,芯片
30DAC_OUT1_1.2V/9,芯片
31PWM_OUT0_5.0V(0,芯片
32PWM_OUT1_3.3V)1,芯片
33JTAG_TCK_3.3V+2,芯片
34JTAG_TMS_3.3V=3,芯片
35JTAG_TDI_5.0V~4,芯片
36JTAG_TDO_5.0V`5,芯片
37SWD_CLK_1.8V^6,芯片
38SWD_IO_1.8V&7,芯片
39ETH_TX_P_3.3V*8,芯片
40ETH_RX_P_3.3V(9,芯片
41HDMI_TX_CLK_5.0V)0,芯片
42HDMI_TX_DATA0_5.0V-1,芯片
43MIPI_DSI_CLK_1.8V_2,芯片
44MIPI_DSI_DATA0_1.8V+3,芯片
45SDIO_CLK_3.3V=4,芯片
46SDIO_CMD_3.3V[5,芯片
47I2S_CLK_2.5V]6,芯片
48I2S_LRCK_2.5V{7,芯片
49WIFI_TX_3.3V}8,芯片
50WIFI_RX_3.3V|9,芯片
51BT_TX_1.8V\0,芯片
52BT_RX_1.8V;1,芯片
53ZIGBEE_TX_3.3V:2,芯片
54ZIGBEE_RX_3.3V"3,芯片
55NFC_TX_5.0V'4,芯片
56NFC_RX_5.0V<5,芯片
57MODBUS_TX_2.5V>6,芯片
58MODBUS_RX_2.5V?7,芯片
59PROFINET_TX_3.3V8,芯片
60PROFINET_RX_3.3V.9,芯片
61CANopen_CAN_H_2.5V0,芯片
62CANopen_CAN_L_2.5V1,芯片
63DeviceNet_CAN_H_2.5V2,芯片
64DeviceNet_CAN_L_2.5V3,芯片
65Profibus_DP_5.0V4,芯片
66HART_TX_3.3V5,芯片
67HART_RX_3.3V6,芯片
684-20mA_IN_1.2V7,芯片
694-20mA_OUT_1.5V8,芯片
70RS485_A_3.3V9,芯片
71RS485_B_3.3V0,芯片
72RS422_TX+_5.0V1,芯片
73RS422_TX-_5.0V2,芯片
74RS232_TX_12.0V3,芯片
75RS232_RX_12.0V4,芯片
76OBD2_CAN_H_2.5V5,芯片
77OBD2_CAN_L_2.5V6,芯片
78LIN_MASTER_TX_12.0V7,芯片
79LIN_SLAVE_TX_12.0V8,芯片
80MOST_DATA+_3.3V9,芯片
81MOST_DATA-_3.3V0,芯片
82USB3_TX1+_5.0V1,芯片
83USB3_TX1-_5.0V2,芯片
84HDMI2_0_TX_CLK_3.3V3,芯片
85HDMI2_0_TX_DATA0_3.3V4,芯片
86MIPI_CSI_CLK+_1.8V5,芯片
87MIPI_CSI_CLK-_1.8V6,芯片
88SDIO_4BIT_CLK_3.3V7,芯片
89SDIO_4BIT_CMD_3.3V8,芯片
90I2S_24BIT_CLK_2.5V9,芯片
91WiFi_2_4G_TX_3.3V0,芯片
92WiFi_5G_TX_3.3V1,芯片
93BT_5_0_TX_1.8V2,芯片
94ZigBee_TX_3.3V3,芯片
95NFC_TX_1.8V4,芯片
96TEMP_SENSOR_IN_1.2V5,芯片
97BATTERY_DETECT_4.2V6,芯片
98VOLTAGE_MONITOR_3.3V7,芯片
99CURRENT_SENSE_2.5V8,芯片
100WAKE_ON_LAN_3.3V9,芯片
# 六、电机类（浮点数+噪声，70条）
1M1_3.3V,电机
2M2_5.0V,电机
3M3_6.0V,电机
4M4_9.0V,电机
5M5_12.0V,电机
6M6_18.0V,电机
7M7_24.0V,电机
8M8_36.0V,电机
9M9_48.0V,电机
10M10_60.0V,电机
11M11_1.0A,电机
12M12_1.5A,电机
13M13_2.0A,电机
14M14_2.5A,电机
15M15_3.0A,电机
16M16_3.5A8,电机
17M17_4.0A9,电机
18M18_4.5A7,电机
19M19_5.0A6,电机
20M20_5.5A5,电机
21M21_6.0A4,电机
22M22_6.5A3,电机
23M23_7.0A2,电机
24M24_7.5A1,电机
25M25_8.0A0,电机
26M26_8.5A#1,电机
27M27_9.0A$2,电机
28M28_9.5A&3,电机
29M29_10.0A%4,电机
30M30_1.2A!5,电机
31M31_1.8A*6,电机
32M32_2.2A@7,电机
33M33_2.7A-8,电机
34M34_3.3A/9,电机
35M35_3.9A(0,电机
36M36_4.7A)1,电机
37M37_5.6A+2,电机
38M38_6.8A=3,电机
39M39_7.5A~4,电机
40M40_8.2A`5,电机
41M41_9.1A^6,电机
42M42_12.0V_1.0A&7,电机
43M43_24.0V_2.0A*8,电机
44M44_36.0V_3.0A(9,电机
45M45_48.0V_4.0A)0,电机
46M46_60.0V_5.0A-1,电机
47M47_18.0V_1.5A_2,电机
48M48_9.0V_0.5A+3,电机
49M49_6.0V_0.3A=4,电机
50M50_5.0V_0.2A[5,电机
51M51_3.3V_0.1A]6,电机
52M52_MOTOR_IN1_12.0V{7,电机
53M53_MOTOR_IN2_12.0V}8,电机
54M54_MOTOR_EN_24.0V|9,电机
55M55_MOTOR_SPEED_FB_3.3V\0,电机
56M56_MOTOR_DIR_CTRL_5.0V;1,电机
57M57_MOTOR_CURRENT_FB_1.8V:2,电机
58M58_MOTOR_BRAKE_CTRL_12.0V"3,电机
59M59_MOTOR_STALL_DET_24.0V'4,电机
60M60_MOTOR_TEMP_FB_1.2V<5,电机
61M61_MOTOR_POWER_EN_3.3V>6,电机
62M62_12.0V_1.2A?7,电机
63M63_24.0V_2.4A8,电机
64M64_36.0V_3.6A.9,电机
65M65_48.0V_4.8A0,电机
66M66_60.0V_6.0A1,电机
67M67_18.0V_1.8A2,电机
68M68_9.0V_0.9A3,电机
69M69_6.0V_0.6A4,电机
70M70_5.0V_0.5A5,电机
# 七、二极管/压敏电阻类（浮点数+噪声，80条）
1D1_1.2A_400V,二极管
2D2_1.5A_400V,二极管
3D3_1.8A_400V,二极管
4D4_2.2A_400V,二极管
5D5_2.7A_400V,二极管
6D6_3.3A_400V,二极管
7D7_3.9A_400V,二极管
8D8_4.7A_400V,二极管
9D9_5.6A_400V,二极管
10D10_6.8A_400V,二极管
11D11_0.5A_200V,二极管
12D12_0.8A_200V,二极管
13D13_1.0A_200V,二极管
14D14_1.2A_200V8,二极管
15D15_1.5A_200V9,二极管
16D16_1.8A_200V7,二极管
17D17_2.0A_200V6,二极管
18D18_2.2A_200V5,二极管
19D19_2.5A_200V4,二极管
20D20_2.7A_200V3,二极管
21D21_3.0A_200V2,二极管
22D22_3.3A_200V1,二极管
23D23_3.6A_200V0,二极管
24D24_0.3A_100V#1,二极管
25D25_0.5A_100V$2,二极管
26D26_0.7A_100V&3,二极管
27D27_0.9A_100V%4,二极管
28D28_1.0A_100V!5,二极管
29D29_1.2A_600V*6,二极管
30D30_1.5A_600V@7,二极管
31D31_1.8A_600V-8,二极管
32D32_2.0A_600V/9,二极管
33D33_2.2A_600V(0,二极管
34D34_2.5A_600V)1,二极管
35D35_2.7A_800V+2,二极管
36D36_3.0A_800V=3,二极管
37D37_3.3A_800V~4,二极管
38D38_3.6A_800V`5,二极管
39D39_3.9A_800V^6,二极管
40D40_4.2A_800V&7,二极管
41D41_D_CLAMP_USB_5.0V*8,二极管
42D42_D_CLAMP_CAN_3.3V(9,二极管
43D43_D_LED_DRIVER_RED_2.0V)0,二极管
44D44_D_LED_DRIVER_GREEN_2.0V-1,二极管
45D45_D_LED_DRIVER_BLUE_2.0V_2,二极管
46D46_D_FLYBACK_MOTOR_12.0V+3,二极管
47D47_D_RECTIFIER_12.0V=4,二极管
48D48_D_CLAMP_RS485_5.0V[5,二极管
49D49_D_ESD_ETH_3.3V]6,二极管
50D50_D_ESD_HDMI_3.3V{7,二极管
51TVS1_6.8V,压敏电阻
52TVS2_8.2V,压敏电阻
53TVS3_10.0V,压敏电阻
54TVS4_12.0V,压敏电阻
55TVS5_15.0V,压敏电阻
56TVS6_18.0V,压敏电阻
57TVS7_22.0V,压敏电阻
58TVS8_27.0V,压敏电阻
59TVS9_33.0V,压敏电阻
60TVS10_39.0V,压敏电阻
61TVS11_47.0V8,压敏电阻
62TVS12_56.0V9,压敏电阻
63TVS13_68.0V7,压敏电阻
64TVS14_75.0V6,压敏电阻
65TVS15_82.0V5,压敏电阻
66TVS16_91.0V4,压敏电阻
67TVS17_100.0V3,压敏电阻
68TVS18_120.0V2,压敏电阻
69TVS19_150.0V1,压敏电阻
70TVS20_180.0V0,压敏电阻
71TVS21_6.8V#1,压敏电阻
72TVS22_8.2V$2,压敏电阻
73TVS23_10.0V&3,压敏电阻
74TVS24_12.0V%4,压敏电阻
75TVS25_15.0V!5,压敏电阻
76TVS26_18.0V*6,压敏电阻
77TVS27_22.0V@7,压敏电阻
78TVS28_27.0V-8,压敏电阻
79TVS29_33.0V/9,压敏电阻
80TVS30_39.0V(0,压敏电阻